{"cameraMode":{"drawMode":0,"name":"Shaded","section":"Shading Mode"},"sceneLighting":true,"audioPlay":false,"sceneViewState":{"showFog":true,"showMaterialUpdate":false,"showSkybox":true,"showFlares":true,"showImageEffects":true,"showParticleSystems":true,"showVisualEffectGraphs":true,"m_FxEnabled":true},"in2DMode":false,"pivot":{"x":0.1564544439315796,"y":0.05916398763656616,"z":1.6187193393707276},"rotation":{"x":0.0999566912651062,"y":-0.11583775281906128,"z":0.011717299930751324,"w":0.9881761074066162},"size":1.554028034210205,"orthographic":false}