{"cameraMode":{"drawMode":0,"name":"Shaded","section":"Shading Mode"},"sceneLighting":true,"audioPlay":false,"sceneViewState":{"showFog":true,"showMaterialUpdate":false,"showSkybox":true,"showFlares":true,"showImageEffects":true,"showParticleSystems":true,"showVisualEffectGraphs":true,"m_FxEnabled":true},"in2DMode":false,"pivot":{"x":-0.27155399322509768,"y":1.9648044109344483,"z":-0.9151954650878906},"rotation":{"x":-0.049569595605134967,"y":0.9186241626739502,"z":-0.12225709110498429,"w":-0.37245962023735049},"size":8.448994636535645,"orthographic":false}