{"cameraMode":{"drawMode":0,"name":"Shaded","section":"Shading Mode"},"sceneLighting":true,"audioPlay":false,"sceneViewState":{"showFog":true,"showMaterialUpdate":false,"showSkybox":true,"showFlares":true,"showImageEffects":true,"showParticleSystems":true,"showVisualEffectGraphs":true,"m_FxEnabled":true},"in2DMode":false,"pivot":{"x":0.23675644397735597,"y":1.4700924158096314,"z":2.9444406032562258},"rotation":{"x":-0.014005226083099842,"y":0.9466004967689514,"z":-0.041497159749269488,"w":-0.31949475407600405},"size":1.315340280532837,"orthographic":false}