{"cameraMode":{"drawMode":0,"name":"Shaded","section":"Shading Mode"},"sceneLighting":true,"audioPlay":false,"sceneViewState":{"showFog":true,"showMaterialUpdate":false,"showSkybox":true,"showFlares":true,"showImageEffects":true,"showParticleSystems":true,"showVisualEffectGraphs":true,"m_FxEnabled":true},"in2DMode":false,"pivot":{"x":1.0355556011199952,"y":0.9120091199874878,"z":5.520175933837891},"rotation":{"x":-0.16192106902599336,"y":-0.11703608930110932,"z":0.01943371072411537,"w":-0.9796837568283081},"size":1.6223230361938477,"orthographic":false}