{"cameraMode":{"drawMode":0,"name":"Shaded","section":"Shading Mode"},"sceneLighting":true,"audioPlay":false,"sceneViewState":{"showFog":true,"showMaterialUpdate":false,"showSkybox":true,"showFlares":true,"showImageEffects":true,"showParticleSystems":true,"showVisualEffectGraphs":true,"m_FxEnabled":true},"in2DMode":false,"pivot":{"x":-12.550243377685547,"y":-0.23306846618652345,"z":17.514314651489259},"rotation":{"x":0.08595364540815354,"y":-0.5255109071731567,"z":0.05346664413809776,"w":0.8447554111480713},"size":22.40304183959961,"orthographic":false}