{"cameraMode":{"drawMode":0,"name":"Shaded","section":"Shading Mode"},"sceneLighting":true,"audioPlay":false,"sceneViewState":{"showFog":true,"showMaterialUpdate":false,"showSkybox":true,"showFlares":true,"showImageEffects":true,"showParticleSystems":true,"showVisualEffectGraphs":true,"m_FxEnabled":true},"in2DMode":false,"pivot":{"x":0.09410423785448075,"y":1.1774073839187623,"z":0.06222561001777649},"rotation":{"x":0.1561197191476822,"y":-0.04147337004542351,"z":0.006564157549291849,"w":0.9868579506874085},"size":0.12211809307336807,"orthographic":false}