{"cameraMode":{"drawMode":0,"name":"Shaded","section":"Shading Mode"},"sceneLighting":true,"audioPlay":false,"sceneViewState":{"showFog":true,"showMaterialUpdate":false,"showSkybox":true,"showFlares":true,"showImageEffects":true,"showParticleSystems":true,"showVisualEffectGraphs":true,"m_FxEnabled":true},"in2DMode":false,"pivot":{"x":-0.4878445863723755,"y":1.456206202507019,"z":1.8433361053466797},"rotation":{"x":0.0039828079752624039,"y":0.29829123616218569,"z":0.0013042634818702937,"w":-0.9544811844825745},"size":1.8706860542297364,"orthographic":false}