{"cameraMode":{"drawMode":0,"name":"Shaded","section":"Shading Mode"},"sceneLighting":true,"audioPlay":false,"sceneViewState":{"showFog":true,"showMaterialUpdate":false,"showSkybox":true,"showFlares":true,"showImageEffects":true,"showParticleSystems":true,"showVisualEffectGraphs":true,"m_FxEnabled":true},"in2DMode":false,"pivot":{"x":1.0664516687393189,"y":1.427356243133545,"z":3.9916296005249025},"rotation":{"x":-0.043684735894203189,"y":-0.06929321587085724,"z":0.0031255551148205997,"w":-0.9966747760772705},"size":1.0959123373031617,"orthographic":false}