{"cameraMode":{"drawMode":0,"name":"Shaded","section":"Shading Mode"},"sceneLighting":true,"audioPlay":false,"sceneViewState":{"showFog":true,"showMaterialUpdate":false,"showSkybox":true,"showFlares":true,"showImageEffects":true,"showParticleSystems":true,"showVisualEffectGraphs":true,"m_FxEnabled":true},"in2DMode":false,"pivot":{"x":4.5632781982421879,"y":1.1162769794464112,"z":2.5870563983917238},"rotation":{"x":0.11147885024547577,"y":-0.26116758584976199,"z":0.030430331826210023,"w":0.9584077000617981},"size":0.5439199209213257,"orthographic":false}