{"cameraMode":{"drawMode":0,"name":"Shaded","section":"Shading Mode"},"sceneLighting":true,"audioPlay":false,"sceneViewState":{"showFog":true,"showMaterialUpdate":false,"showSkybox":true,"showFlares":true,"showImageEffects":true,"showParticleSystems":true,"showVisualEffectGraphs":true,"m_FxEnabled":true},"in2DMode":false,"pivot":{"x":-0.18908843398094178,"y":1.146754503250122,"z":0.5105565190315247},"rotation":{"x":-0.17321167886257173,"y":0.22377806901931764,"z":-0.040393199771642688,"w":-0.958279550075531},"size":0.5589838027954102,"orthographic":false}