{"cameraMode":{"drawMode":0,"name":"Shaded","section":"Shading Mode"},"sceneLighting":true,"audioPlay":false,"sceneViewState":{"showFog":true,"showMaterialUpdate":false,"showSkybox":true,"showFlares":true,"showImageEffects":true,"showParticleSystems":true,"showVisualEffectGraphs":true,"m_FxEnabled":true},"in2DMode":false,"pivot":{"x":1.714985728263855,"y":2.011305332183838,"z":0.18700706958770753},"rotation":{"x":0.1770748794078827,"y":-0.19895491003990174,"z":0.03657703101634979,"w":0.9632028341293335},"size":1.0508160591125489,"orthographic":false}