{"cameraMode":{"drawMode":0,"name":"Shaded","section":"Shading Mode"},"sceneLighting":true,"audioPlay":false,"sceneViewState":{"showFog":true,"showMaterialUpdate":false,"showSkybox":true,"showFlares":true,"showImageEffects":true,"showParticleSystems":true,"showVisualEffectGraphs":true,"m_FxEnabled":true},"in2DMode":false,"pivot":{"x":-0.09911477565765381,"y":2.680588960647583,"z":0.543893575668335},"rotation":{"x":0.10011567920446396,"y":0.8992820978164673,"z":-0.28293347358703616,"w":0.31827831268310549},"size":2.6941616535186769,"orthographic":false}