{"cameraMode":{"drawMode":0,"name":"Shaded","section":"Shading Mode"},"sceneLighting":true,"audioPlay":false,"sceneViewState":{"showFog":true,"showMaterialUpdate":false,"showSkybox":true,"showFlares":true,"showImageEffects":true,"showParticleSystems":true,"showVisualEffectGraphs":true,"m_FxEnabled":true},"in2DMode":false,"pivot":{"x":1.2769631147384644,"y":1.6252341270446778,"z":3.2294809818267824},"rotation":{"x":-0.021292109042406083,"y":0.04188039153814316,"z":-0.0008392544696107507,"w":-0.9989115595817566},"size":2.4073948860168459,"orthographic":false}