{"cameraMode":{"drawMode":0,"name":"Shaded","section":"Shading Mode"},"sceneLighting":true,"audioPlay":false,"sceneViewState":{"showFog":true,"showMaterialUpdate":false,"showSkybox":true,"showFlares":true,"showImageEffects":true,"showParticleSystems":true,"showVisualEffectGraphs":true,"m_FxEnabled":true},"in2DMode":false,"pivot":{"x":0.8766703605651856,"y":1.0781984329223633,"z":6.864275932312012},"rotation":{"x":-0.0661853775382042,"y":0.29365649819374087,"z":-0.020392704755067827,"w":-0.9534205198287964},"size":0.8752550482749939,"orthographic":false}