{"cameraMode":{"drawMode":0,"name":"Shaded","section":"Shading Mode"},"sceneLighting":true,"audioPlay":false,"sceneViewState":{"showFog":true,"showMaterialUpdate":false,"showSkybox":true,"showFlares":true,"showImageEffects":true,"showParticleSystems":true,"showVisualEffectGraphs":true,"m_FxEnabled":true},"in2DMode":false,"pivot":{"x":-0.6936910152435303,"y":0.3158900737762451,"z":3.1256301403045656},"rotation":{"x":-0.09901157021522522,"y":0.17919711768627168,"z":-0.018037784844636918,"w":-0.9786828756332398},"size":1.142594337463379,"orthographic":false}