{"cameraMode":{"drawMode":0,"name":"Shaded","section":"Shading Mode"},"sceneLighting":true,"audioPlay":false,"sceneViewState":{"showFog":true,"showMaterialUpdate":false,"showSkybox":true,"showFlares":true,"showImageEffects":true,"showParticleSystems":true,"showVisualEffectGraphs":true,"m_FxEnabled":true},"in2DMode":false,"pivot":{"x":0.32274341583251955,"y":1.2365940809249879,"z":5.434318542480469},"rotation":{"x":0.047927215695381168,"y":-0.8044882416725159,"z":0.0655784159898758,"w":0.5884923934936523},"size":0.742996871471405,"orthographic":false}