{"cameraMode":{"drawMode":0,"name":"Shaded","section":"Shading Mode"},"sceneLighting":true,"audioPlay":false,"sceneViewState":{"showFog":true,"showMaterialUpdate":false,"showSkybox":true,"showFlares":true,"showImageEffects":true,"showParticleSystems":true,"showVisualEffectGraphs":true,"m_FxEnabled":true},"in2DMode":false,"pivot":{"x":1.594360589981079,"y":0.4686264097690582,"z":1.5887227058410645},"rotation":{"x":-0.01380796916782856,"y":-0.006411941256374121,"z":0.0001819474418880418,"w":-0.9999082088470459},"size":0.48016202449798586,"orthographic":false}