{"cameraMode":{"drawMode":0,"name":"Shaded","section":"Shading Mode"},"sceneLighting":true,"audioPlay":false,"sceneViewState":{"showFog":true,"showMaterialUpdate":false,"showSkybox":true,"showFlares":true,"showImageEffects":true,"showParticleSystems":true,"showVisualEffectGraphs":true,"m_FxEnabled":true},"in2DMode":false,"pivot":{"x":0.05020427703857422,"y":-0.03048233687877655,"z":0.012423485517501831},"rotation":{"x":0.19208310544490815,"y":-0.24693748354911805,"z":0.05000738427042961,"w":0.9485013484954834},"size":0.3073950409889221,"orthographic":false}