{"cameraMode":{"drawMode":0,"name":"Shaded","section":"Shading Mode"},"sceneLighting":true,"audioPlay":false,"sceneViewState":{"showFog":true,"showMaterialUpdate":false,"showSkybox":true,"showFlares":true,"showImageEffects":true,"showParticleSystems":true,"showVisualEffectGraphs":true,"m_FxEnabled":true},"in2DMode":false,"pivot":{"x":-1.804389476776123,"y":0.595594048500061,"z":0.47744083404541018},"rotation":{"x":0.04039137810468674,"y":-0.6671599745750427,"z":0.03626779466867447,"w":0.7429705262184143},"size":1.3847897052764893,"orthographic":false}