{"cameraMode":{"drawMode":0,"name":"Shaded","section":"Shading Mode"},"sceneLighting":true,"audioPlay":false,"sceneViewState":{"showFog":true,"showMaterialUpdate":false,"showSkybox":true,"showFlares":true,"showImageEffects":true,"showParticleSystems":true,"showVisualEffectGraphs":true,"m_FxEnabled":true},"in2DMode":false,"pivot":{"x":-2.2819323539733888,"y":1.8583645820617676,"z":-1.8863985538482667},"rotation":{"x":-0.02074296586215496,"y":0.9539700150489807,"z":-0.06764832139015198,"w":-0.29172995686531069},"size":2.382842540740967,"orthographic":false}