{"cameraMode":{"drawMode":0,"name":"Shaded","section":"Shading Mode"},"sceneLighting":true,"audioPlay":false,"sceneViewState":{"showFog":true,"showMaterialUpdate":false,"showSkybox":true,"showFlares":true,"showImageEffects":true,"showParticleSystems":true,"showVisualEffectGraphs":true,"m_FxEnabled":true},"in2DMode":false,"pivot":{"x":0.13400332629680634,"y":1.2310824394226075,"z":0.06724381446838379},"rotation":{"x":-0.10919192433357239,"y":0.1833958476781845,"z":-0.02040422521531582,"w":-0.976767897605896},"size":0.2524876296520233,"orthographic":false}