{"cameraMode":{"drawMode":0,"name":"Shaded","section":"Shading Mode"},"sceneLighting":true,"audioPlay":false,"sceneViewState":{"showFog":true,"showMaterialUpdate":false,"showSkybox":true,"showFlares":true,"showImageEffects":true,"showParticleSystems":true,"showVisualEffectGraphs":true,"m_FxEnabled":true},"in2DMode":false,"pivot":{"x":-0.153608500957489,"y":-0.029215574264526368,"z":-0.02487945556640625},"rotation":{"x":0.2157023847103119,"y":-0.09212061017751694,"z":0.020445186644792558,"w":0.9719012379646301},"size":0.90739506483078,"orthographic":false}