{"cameraMode":{"drawMode":0,"name":"Shaded","section":"Shading Mode"},"sceneLighting":true,"audioPlay":false,"sceneViewState":{"showFog":true,"showMaterialUpdate":false,"showSkybox":true,"showFlares":true,"showImageEffects":true,"showParticleSystems":true,"showVisualEffectGraphs":true,"m_FxEnabled":true},"in2DMode":false,"pivot":{"x":-1.109013319015503,"y":1.7418975830078126,"z":7.24868631362915},"rotation":{"x":0.007870041765272618,"y":0.2371218502521515,"z":0.0019226598087698222,"w":-0.9714526534080505},"size":2.876868724822998,"orthographic":false}