{"cameraMode":{"drawMode":0,"name":"Shaded","section":"Shading Mode"},"sceneLighting":true,"audioPlay":false,"sceneViewState":{"showFog":true,"showMaterialUpdate":false,"showSkybox":true,"showFlares":true,"showImageEffects":true,"showParticleSystems":true,"showVisualEffectGraphs":true,"m_FxEnabled":true},"in2DMode":false,"pivot":{"x":2.2130725383758547,"y":0.7382475137710571,"z":-3.465125322341919},"rotation":{"x":0.0011038549710065127,"y":0.9918012619018555,"z":-0.12745735049247743,"w":0.009154344908893109},"size":1.7589126825332642,"orthographic":false}