{"cameraMode":{"drawMode":0,"name":"Shaded","section":"Shading Mode"},"sceneLighting":true,"audioPlay":false,"sceneViewState":{"showFog":true,"showMaterialUpdate":false,"showSkybox":true,"showFlares":true,"showImageEffects":true,"showParticleSystems":true,"showVisualEffectGraphs":true,"m_FxEnabled":true},"in2DMode":false,"pivot":{"x":-0.3919439911842346,"y":1.3743743896484376,"z":4.170803070068359},"rotation":{"x":-0.19108867645263673,"y":-0.021006284281611444,"z":0.004193843342363834,"w":-0.9813904166221619},"size":0.8343393206596375,"orthographic":false}