{"cameraMode":{"drawMode":0,"name":"Shaded","section":"Shading Mode"},"sceneLighting":true,"audioPlay":false,"sceneViewState":{"showFog":true,"showMaterialUpdate":false,"showSkybox":true,"showFlares":true,"showImageEffects":true,"showParticleSystems":true,"showVisualEffectGraphs":true,"m_FxEnabled":true},"in2DMode":false,"pivot":{"x":-0.010280076414346695,"y":0.8527727723121643,"z":-0.014798320829868317},"rotation":{"x":-0.22053857147693635,"y":0.21901194751262666,"z":-0.050898097455501559,"w":-0.9491279721260071},"size":0.07433468848466873,"orthographic":false}