{"cameraMode":{"drawMode":0,"name":"Shaded","section":"Shading Mode"},"sceneLighting":true,"audioPlay":false,"sceneViewState":{"showFog":true,"showMaterialUpdate":false,"showSkybox":true,"showFlares":true,"showImageEffects":true,"showParticleSystems":true,"showVisualEffectGraphs":true,"m_FxEnabled":true},"in2DMode":false,"pivot":{"x":3.9705896377563478,"y":1.0730034112930298,"z":0.5758299827575684},"rotation":{"x":-0.06500519067049027,"y":0.868484616279602,"z":-0.11820172518491745,"w":-0.47701767086982729},"size":1.1316308975219727,"orthographic":false}