{"cameraMode":{"drawMode":0,"name":"Shaded","section":"Shading Mode"},"sceneLighting":true,"audioPlay":false,"sceneViewState":{"showFog":true,"showMaterialUpdate":false,"showSkybox":true,"showFlares":true,"showImageEffects":true,"showParticleSystems":true,"showVisualEffectGraphs":true,"m_FxEnabled":true},"in2DMode":false,"pivot":{"x":1.0445351600646973,"y":0.5394377708435059,"z":1.9430279731750489},"rotation":{"x":-0.10196613520383835,"y":0.05776088312268257,"z":-0.0058372048661112789,"w":-0.9931161999702454},"size":0.5590170621871948,"orthographic":false}