{"cameraMode":{"drawMode":0,"name":"Shaded","section":"Shading Mode"},"sceneLighting":true,"audioPlay":false,"sceneViewState":{"showFog":true,"showMaterialUpdate":false,"showSkybox":true,"showFlares":true,"showImageEffects":true,"showParticleSystems":true,"showVisualEffectGraphs":true,"m_FxEnabled":true},"in2DMode":false,"pivot":{"x":2.4830093383789064,"y":1.316623330116272,"z":3.9496264457702638},"rotation":{"x":-0.06446937471628189,"y":0.09673850983381272,"z":-0.006189046427607536,"w":-0.9932342171669006},"size":2.643583059310913,"orthographic":false}