{"cameraMode":{"drawMode":0,"name":"Shaded","section":"Shading Mode"},"sceneLighting":true,"audioPlay":false,"sceneViewState":{"showFog":true,"showMaterialUpdate":false,"showSkybox":true,"showFlares":true,"showImageEffects":true,"showParticleSystems":true,"showVisualEffectGraphs":true,"m_FxEnabled":true},"in2DMode":false,"pivot":{"x":1.4459835290908814,"y":1.382725477218628,"z":4.420894145965576},"rotation":{"x":0.0029239768628031017,"y":-0.9952296018600464,"z":0.031671762466430667,"w":0.09288554638624191},"size":0.742996871471405,"orthographic":false}