{"cameraMode":{"drawMode":0,"name":"Shaded","section":"Shading Mode"},"sceneLighting":true,"audioPlay":false,"sceneViewState":{"showFog":true,"showMaterialUpdate":false,"showSkybox":true,"showFlares":true,"showImageEffects":true,"showParticleSystems":true,"showVisualEffectGraphs":true,"m_FxEnabled":true},"in2DMode":false,"pivot":{"x":4.899729251861572,"y":1.379717469215393,"z":0.8242834806442261},"rotation":{"x":0.003750896081328392,"y":0.9825823307037354,"z":0.020346231758594514,"w":-0.1846746951341629},"size":0.5316308736801148,"orthographic":false}