{"cameraMode":{"drawMode":0,"name":"Shaded","section":"Shading Mode"},"sceneLighting":true,"audioPlay":false,"sceneViewState":{"showFog":true,"showMaterialUpdate":false,"showSkybox":true,"showFlares":true,"showImageEffects":true,"showParticleSystems":true,"showVisualEffectGraphs":true,"m_FxEnabled":true},"in2DMode":false,"pivot":{"x":1.7749981880187989,"y":1.125229835510254,"z":3.3584842681884767},"rotation":{"x":0.08560236543416977,"y":-0.04979550838470459,"z":0.004214271437376738,"w":0.9950942993164063},"size":1.9292240142822266,"orthographic":false}