{"cameraMode":{"drawMode":0,"name":"Shaded","section":"Shading Mode"},"sceneLighting":false,"audioPlay":false,"sceneViewState":{"showFog":true,"showMaterialUpdate":true,"showSkybox":false,"showFlares":true,"showImageEffects":true,"showParticleSystems":true},"in2DMode":false,"pivot":{"x":0.0,"y":-1.0021363496780396,"z":0.9760485887527466},"rotation":{"x":0.21640287339687348,"y":0.38478970527648928,"z":-0.09330824017524719,"w":0.8924126625061035},"size":3.9527747631073,"orthographic":false}