{"cameraMode":{"drawMode":0,"name":"Shaded","section":"Shading Mode"},"sceneLighting":true,"audioPlay":false,"sceneViewState":{"showFog":true,"showMaterialUpdate":true,"showSkybox":true,"showFlares":true,"showImageEffects":true,"showParticleSystems":true},"in2DMode":false,"pivot":{"x":-0.4597117304801941,"y":1.1199216842651368,"z":-1.7462005615234376},"rotation":{"x":0.036974288523197177,"y":-0.9298503994941711,"z":0.09743296355009079,"w":0.35287103056907656},"size":0.4999946355819702,"orthographic":false}