{"cameraMode":{"drawMode":0,"name":"Shaded","section":"Shading Mode"},"sceneLighting":true,"audioPlay":false,"sceneViewState":{"showFog":true,"showMaterialUpdate":true,"showSkybox":true,"showFlares":true,"showImageEffects":true,"showParticleSystems":true},"in2DMode":false,"pivot":{"x":-0.03810112178325653,"y":1.3585937023162842,"z":0.2750307619571686},"rotation":{"x":-0.10857930779457092,"y":-0.168853297829628,"z":0.0187202300876379,"w":-0.979463517665863},"size":0.39215564727783205,"orthographic":false}