{"cameraMode":{"drawMode":0,"name":"Shaded","section":"Shading Mode"},"sceneLighting":true,"audioPlay":false,"sceneViewState":{"showFog":true,"showMaterialUpdate":true,"showSkybox":true,"showFlares":true,"showImageEffects":true,"showParticleSystems":true},"in2DMode":false,"pivot":{"x":1.3699328899383546,"y":1.141012191772461,"z":6.424028396606445},"rotation":{"x":-0.0737156867980957,"y":0.2338065803050995,"z":-0.017781725153326989,"w":-0.969321608543396},"size":1.3990933895111085,"orthographic":false}