{"cameraMode":{"drawMode":0,"name":"Shaded","section":"Shading Mode"},"sceneLighting":false,"audioPlay":false,"sceneViewState":{"showFog":true,"showMaterialUpdate":false,"showSkybox":false,"showFlares":true,"showImageEffects":true,"showParticleSystems":true},"in2DMode":false,"pivot":{"x":0.25916576385498049,"y":5.020886421203613,"z":11.0},"rotation":{"x":-0.025805769488215448,"y":-0.008399905636906624,"z":0.00021689666027668864,"w":-0.9996317028999329},"size":39.602237701416019,"orthographic":false}