{"cameraMode":{"drawMode":0,"name":"Shaded","section":"Shading Mode"},"sceneLighting":true,"audioPlay":false,"sceneViewState":{"showFog":true,"showMaterialUpdate":true,"showSkybox":true,"showFlares":true,"showImageEffects":true,"showParticleSystems":true},"in2DMode":false,"pivot":{"x":0.7267969846725464,"y":0.36459851264953616,"z":2.2925021648406984},"rotation":{"x":-0.1591905951499939,"y":-0.13488873839378358,"z":0.021961713209748269,"w":-0.9777428507804871},"size":4.286355495452881,"orthographic":false}