{"cameraMode":{"drawMode":0,"name":"Shaded","section":"Shading Mode"},"sceneLighting":true,"audioPlay":false,"sceneViewState":{"showFog":true,"showMaterialUpdate":true,"showSkybox":true,"showFlares":true,"showImageEffects":true,"showParticleSystems":true},"in2DMode":false,"pivot":{"x":1.3114793300628663,"y":0.5966275930404663,"z":1.978236198425293},"rotation":{"x":0.1477142721414566,"y":0.7895752787590027,"z":-0.20913541316986085,"w":0.5576859712600708},"size":3.1404659748077394,"orthographic":false}