{"cameraMode":{"drawMode":0,"name":"Shaded","section":"Shading Mode"},"sceneLighting":true,"audioPlay":false,"sceneViewState":{"showFog":true,"showMaterialUpdate":true,"showSkybox":true,"showFlares":true,"showImageEffects":true,"showParticleSystems":true},"in2DMode":false,"pivot":{"x":1.145687460899353,"y":1.652846097946167,"z":2.560183525085449},"rotation":{"x":-0.16595299541950227,"y":-0.34172821044921877,"z":0.061442892998456958,"w":-0.9229876399040222},"size":3.1448171138763429,"orthographic":false}