{"cameraMode":{"drawMode":0,"name":"Shaded","section":"Shading Mode"},"sceneLighting":true,"audioPlay":false,"sceneViewState":{"showFog":true,"showMaterialUpdate":true,"showSkybox":true,"showFlares":true,"showImageEffects":true,"showParticleSystems":true},"in2DMode":false,"pivot":{"x":0.5635218620300293,"y":1.1547765731811524,"z":-7.386932373046875},"rotation":{"x":0.1443723887205124,"y":0.016912490129470826,"z":-0.0024677258916199209,"w":0.9893758296966553},"size":3.081112861633301,"orthographic":false}