{"cameraMode":{"drawMode":0,"name":"Shaded","section":"Shading Mode"},"sceneLighting":true,"audioPlay":false,"sceneViewState":{"showFog":true,"showMaterialUpdate":true,"showSkybox":true,"showFlares":true,"showImageEffects":true,"showParticleSystems":true},"in2DMode":false,"pivot":{"x":-4.1406450271606449,"y":0.2487884759902954,"z":-2.488203763961792},"rotation":{"x":0.0631425529718399,"y":-0.8790426850318909,"z":0.12154795229434967,"w":0.45664334297180178},"size":4.495142936706543,"orthographic":false}