{"cameraMode":{"drawMode":0,"name":"Shaded","section":"Shading Mode"},"sceneLighting":true,"audioPlay":false,"sceneViewState":{"showFog":true,"showMaterialUpdate":true,"showSkybox":true,"showFlares":true,"showImageEffects":true,"showParticleSystems":true},"in2DMode":false,"pivot":{"x":2.1910159587860109,"y":0.35191288590431216,"z":6.191287040710449},"rotation":{"x":-0.02937328815460205,"y":-0.0530790239572525,"z":0.0015626330859959126,"w":-0.9981570243835449},"size":0.17540276050567628,"orthographic":false}