{"cameraMode":{"drawMode":0,"name":"Shaded","section":"Shading Mode"},"sceneLighting":true,"audioPlay":false,"sceneViewState":{"showFog":true,"showMaterialUpdate":true,"showSkybox":true,"showFlares":true,"showImageEffects":true,"showParticleSystems":true},"in2DMode":false,"pivot":{"x":-5.288968563079834,"y":0.5923371315002441,"z":11.375127792358399},"rotation":{"x":0.25583067536354067,"y":0.03711801394820213,"z":-0.009829959832131863,"w":0.9659587740898132},"size":5.2016777992248539,"orthographic":false}