{"cameraMode":{"drawMode":0,"name":"Shaded","section":"Shading Mode"},"sceneLighting":true,"audioPlay":false,"sceneViewState":{"showFog":true,"showMaterialUpdate":true,"showSkybox":true,"showFlares":true,"showImageEffects":true,"showParticleSystems":true},"in2DMode":false,"pivot":{"x":1.7304705381393433,"y":0.2884950637817383,"z":5.871608734130859},"rotation":{"x":0.07569731771945954,"y":-0.5877269506454468,"z":0.055361419916152957,"w":0.8036056160926819},"size":1.975402593612671,"orthographic":false}