{"cameraMode":{"drawMode":0,"name":"Shaded","section":"Shading Mode"},"sceneLighting":false,"audioPlay":false,"sceneViewState":{"showFog":true,"showMaterialUpdate":false,"showSkybox":false,"showFlares":true,"showImageEffects":true,"showParticleSystems":true},"in2DMode":false,"pivot":{"x":0.08462604880332947,"y":-0.01883728802204132,"z":0.013709336519241333},"rotation":{"x":0.1398622840642929,"y":0.11645719408988953,"z":-0.016567036509513856,"w":0.9831591248512268},"size":0.46947240829467776,"orthographic":false}