{"cameraMode":{"drawMode":0,"name":"Shaded","section":"Shading Mode"},"sceneLighting":true,"audioPlay":false,"sceneViewState":{"showFog":true,"showMaterialUpdate":true,"showSkybox":true,"showFlares":true,"showImageEffects":true,"showParticleSystems":true},"in2DMode":false,"pivot":{"x":2.1339569091796877,"y":13.091297149658204,"z":4.4330902099609379},"rotation":{"x":-0.11911085247993469,"y":-0.21825842559337617,"z":0.02685205452144146,"w":-0.9682225584983826},"size":199.845703125,"orthographic":false}