{"cameraMode":{"drawMode":0,"name":"Shaded","section":"Shading Mode"},"sceneLighting":true,"audioPlay":false,"sceneViewState":{"showFog":true,"showMaterialUpdate":false,"showSkybox":true,"showFlares":true,"showImageEffects":true,"showParticleSystems":true},"in2DMode":false,"pivot":{"x":0.24722188711166383,"y":-0.11381661146879196,"z":4.2641401290893559},"rotation":{"x":-0.1230214461684227,"y":0.3929080069065094,"z":-0.05313042551279068,"w":-0.9097616672515869},"size":0.4926844835281372,"orthographic":false}