{"cameraMode":{"drawMode":0,"name":"Shaded","section":"Shading Mode"},"sceneLighting":true,"audioPlay":false,"sceneViewState":{"showFog":true,"showMaterialUpdate":true,"showSkybox":true,"showFlares":true,"showImageEffects":true,"showParticleSystems":true},"in2DMode":false,"pivot":{"x":-1.060117244720459,"y":1.105902075767517,"z":4.964282989501953},"rotation":{"x":-0.2849028408527374,"y":0.2780039310455322,"z":-0.08672790229320526,"w":-0.9132483005523682},"size":0.3281927704811096,"orthographic":false}