{"cameraMode":{"drawMode":0,"name":"Shaded","section":"Shading Mode"},"sceneLighting":false,"audioPlay":false,"sceneViewState":{"showFog":true,"showMaterialUpdate":true,"showSkybox":false,"showFlares":true,"showImageEffects":true,"showParticleSystems":true},"in2DMode":false,"pivot":{"x":0.11183857917785645,"y":-1.038386344909668,"z":1.1585052013397217},"rotation":{"x":-0.1603534072637558,"y":0.5727669596672058,"z":-0.11544881016016007,"w":-0.7955479025840759},"size":2.1527750492095949,"orthographic":false}