{"cameraMode":{"drawMode":0,"name":"Shaded","section":"Shading Mode"},"sceneLighting":true,"audioPlay":false,"sceneViewState":{"showFog":true,"showMaterialUpdate":true,"showSkybox":true,"showFlares":true,"showImageEffects":true,"showParticleSystems":true},"in2DMode":false,"pivot":{"x":5.35015869140625,"y":-0.2845907211303711,"z":0.09549188613891602},"rotation":{"x":0.11597778648138046,"y":0.7712949514389038,"z":-0.14705447852611543,"w":0.6082995533943176},"size":11.51285457611084,"orthographic":false}