{"cameraMode":{"drawMode":0,"name":"Shaded","section":"Shading Mode"},"sceneLighting":true,"audioPlay":false,"sceneViewState":{"showFog":true,"showMaterialUpdate":true,"showSkybox":true,"showFlares":true,"showImageEffects":true,"showParticleSystems":true},"in2DMode":false,"pivot":{"x":2.6439943313598635,"y":1.2404829263687134,"z":5.143657684326172},"rotation":{"x":-0.08985183387994766,"y":-0.8950486779212952,"z":0.20994654297828675,"w":-0.3830627501010895},"size":0.13387145102024079,"orthographic":false}