{"cameraMode":{"drawMode":0,"name":"Shaded","section":"Shading Mode"},"sceneLighting":false,"audioPlay":false,"sceneViewState":{"showFog":true,"showMaterialUpdate":false,"showSkybox":false,"showFlares":true,"showImageEffects":true,"showParticleSystems":true},"in2DMode":false,"pivot":{"x":-0.03999999165534973,"y":0.09199999272823334,"z":3.2899999618530275},"rotation":{"x":-0.1729181408882141,"y":-0.14801302552223206,"z":0.026293711736798288,"w":-0.9733961820602417},"size":0.9445151090621948,"orthographic":false}