{"cameraMode":{"drawMode":0,"name":"Shaded","section":"Shading Mode"},"sceneLighting":true,"audioPlay":false,"sceneViewState":{"showFog":true,"showMaterialUpdate":false,"showSkybox":true,"showFlares":true,"showImageEffects":true,"showParticleSystems":true},"in2DMode":false,"pivot":{"x":-0.6551604270935059,"y":1.8496193885803223,"z":-0.32732629776000979},"rotation":{"x":-0.051358532160520557,"y":0.911367654800415,"z":-0.11990034580230713,"w":-0.39037826657295229},"size":8.970033645629883,"orthographic":false}