{"cameraMode":{"drawMode":0,"name":"Shaded","section":"Shading Mode"},"sceneLighting":true,"audioPlay":false,"sceneViewState":{"showFog":true,"showMaterialUpdate":true,"showSkybox":true,"showFlares":true,"showImageEffects":true,"showParticleSystems":true},"in2DMode":false,"pivot":{"x":2.818161964416504,"y":2.975006580352783,"z":2.725053071975708},"rotation":{"x":-0.24704615771770478,"y":0.04473399370908737,"z":-0.011418855749070645,"w":-0.9679032564163208},"size":1.457580804824829,"orthographic":false}