{"cameraMode":{"drawMode":0,"name":"Shaded","section":"Shading Mode"},"sceneLighting":true,"audioPlay":false,"sceneViewState":{"showFog":true,"showMaterialUpdate":true,"showSkybox":true,"showFlares":true,"showImageEffects":true,"showParticleSystems":true},"in2DMode":false,"pivot":{"x":-1.3799468278884888,"y":0.8300799131393433,"z":2.140699625015259},"rotation":{"x":0.14400294423103333,"y":-0.31297236680984499,"z":0.04806981235742569,"w":0.9375504851341248},"size":1.8881936073303223,"orthographic":false}