{"cameraMode":{"drawMode":0,"name":"Shaded","section":"Shading Mode"},"sceneLighting":false,"audioPlay":false,"sceneViewState":{"showFog":true,"showMaterialUpdate":true,"showSkybox":false,"showFlares":true,"showImageEffects":true,"showParticleSystems":true},"in2DMode":false,"pivot":{"x":0.46258044242858889,"y":-0.3509082794189453,"z":1.0444186925888062},"rotation":{"x":0.11843401193618775,"y":0.6741241812705994,"z":-0.11079635471105576,"w":0.7205929160118103},"size":3.9527747631073,"orthographic":false}