{"cameraMode":{"drawMode":0,"name":"Shaded","section":"Shading Mode"},"sceneLighting":true,"audioPlay":false,"sceneViewState":{"showFog":true,"showMaterialUpdate":true,"showSkybox":true,"showFlares":true,"showImageEffects":true,"showParticleSystems":true},"in2DMode":false,"pivot":{"x":4.385004043579102,"y":0.39189910888671877,"z":1.812361717224121},"rotation":{"x":-0.12405282258987427,"y":-0.7124683260917664,"z":0.13031095266342164,"w":-0.6782469153404236},"size":5.9430623054504398,"orthographic":false}