{"cameraMode":{"drawMode":0,"name":"Shaded","section":"Shading Mode"},"sceneLighting":true,"audioPlay":false,"sceneViewState":{"showFog":true,"showMaterialUpdate":true,"showSkybox":true,"showFlares":true,"showImageEffects":true,"showParticleSystems":true},"in2DMode":false,"pivot":{"x":-0.30524635314941409,"y":1.5675013065338135,"z":0.5783835053443909},"rotation":{"x":0.15725238621234895,"y":0.3879556953907013,"z":-0.0673624649643898,"w":0.9056624174118042},"size":2.0363519191741945,"orthographic":false}