{"cameraMode":{"drawMode":0,"name":"Shaded","section":"Shading Mode"},"sceneLighting":true,"audioPlay":false,"sceneViewState":{"showFog":true,"showMaterialUpdate":false,"showSkybox":true,"showFlares":true,"showImageEffects":true,"showParticleSystems":true},"in2DMode":false,"pivot":{"x":0.6855838298797607,"y":-0.1730484664440155,"z":3.083381175994873},"rotation":{"x":-0.010263967327773571,"y":0.9715901613235474,"z":-0.23252516984939576,"w":-0.04288727045059204},"size":0.5570815801620483,"orthographic":false}