{"cameraMode":{"drawMode":0,"name":"Shaded","section":"Shading Mode"},"sceneLighting":true,"audioPlay":false,"sceneViewState":{"showFog":true,"showMaterialUpdate":true,"showSkybox":true,"showFlares":true,"showImageEffects":true,"showParticleSystems":true},"in2DMode":false,"pivot":{"x":-12.080799102783204,"y":12.151559829711914,"z":12.285804748535157},"rotation":{"x":0.06859727948904038,"y":-0.921183168888092,"z":0.18999648094177247,"w":0.3325917422771454},"size":61.04152297973633,"orthographic":false}