{"cameraMode":{"drawMode":0,"name":"Shaded","section":"Shading Mode"},"sceneLighting":true,"audioPlay":false,"sceneViewState":{"showFog":true,"showMaterialUpdate":true,"showSkybox":true,"showFlares":true,"showImageEffects":true,"showParticleSystems":true},"in2DMode":false,"pivot":{"x":-1.388664722442627,"y":1.1524057388305665,"z":0.05375337600708008},"rotation":{"x":0.09727854281663895,"y":-0.41788214445114138,"z":0.045059483498334888,"w":0.9021536111831665},"size":8.114947319030762,"orthographic":false}