{"cameraMode":{"drawMode":0,"name":"Shaded","section":"Shading Mode"},"sceneLighting":true,"audioPlay":false,"sceneViewState":{"showFog":true,"showMaterialUpdate":true,"showSkybox":true,"showFlares":true,"showImageEffects":true,"showParticleSystems":true},"in2DMode":false,"pivot":{"x":0.605130672454834,"y":2.6208512783050539,"z":1.4272356033325196},"rotation":{"x":0.09347108751535416,"y":-0.30633777379989626,"z":0.030241532251238824,"w":0.9468399286270142},"size":9.80919075012207,"orthographic":false}