{"cameraMode":{"drawMode":0,"name":"Shaded","section":"Shading Mode"},"sceneLighting":true,"audioPlay":false,"sceneViewState":{"showFog":true,"showMaterialUpdate":true,"showSkybox":true,"showFlares":true,"showImageEffects":true,"showParticleSystems":true},"in2DMode":false,"pivot":{"x":2.4220354557037355,"y":1.981596827507019,"z":4.734582424163818},"rotation":{"x":0.05783123895525932,"y":-0.036523591727018359,"z":0.0021178785245865585,"w":0.9976558685302734},"size":5.009436130523682,"orthographic":false}