{"cameraMode":{"drawMode":0,"name":"Shaded","section":"Shading Mode"},"sceneLighting":true,"audioPlay":false,"sceneViewState":{"showFog":true,"showMaterialUpdate":true,"showSkybox":true,"showFlares":true,"showImageEffects":true,"showParticleSystems":true},"in2DMode":false,"pivot":{"x":3.484818458557129,"y":0.22681021690368653,"z":2.926719903945923},"rotation":{"x":0.09023455530405045,"y":0.7188737988471985,"z":-0.09501971304416657,"w":0.6826781034469605},"size":5.692419528961182,"orthographic":false}