{"cameraMode":{"drawMode":0,"name":"Shaded","section":"Shading Mode"},"sceneLighting":true,"audioPlay":false,"sceneViewState":{"showFog":true,"showMaterialUpdate":true,"showSkybox":true,"showFlares":true,"showImageEffects":true,"showParticleSystems":true},"in2DMode":false,"pivot":{"x":2.871964931488037,"y":0.41353970766067507,"z":4.463708400726318},"rotation":{"x":0.0432104617357254,"y":0.8573830723762512,"z":-0.07298149913549423,"w":0.5076425671577454},"size":0.3170631527900696,"orthographic":false}