{"cameraMode":{"drawMode":0,"name":"Shaded","section":"Shading Mode"},"sceneLighting":true,"audioPlay":false,"sceneViewState":{"showFog":true,"showMaterialUpdate":true,"showSkybox":true,"showFlares":true,"showImageEffects":true,"showParticleSystems":true},"in2DMode":false,"pivot":{"x":-1.1034362316131592,"y":0.7525948286056519,"z":-2.417374610900879},"rotation":{"x":0.02515215426683426,"y":-0.9737934470176697,"z":0.18112963438034059,"w":0.13522493839263917},"size":3.6817471981048586,"orthographic":false}