{"cameraMode":{"drawMode":0,"name":"Shaded","section":"Shading Mode"},"sceneLighting":true,"audioPlay":false,"sceneViewState":{"showFog":true,"showMaterialUpdate":true,"showSkybox":true,"showFlares":true,"showImageEffects":true,"showParticleSystems":true},"in2DMode":false,"pivot":{"x":2.2530369758605959,"y":0.3213941752910614,"z":4.509666919708252},"rotation":{"x":-0.0025603952817618849,"y":-0.9974241852760315,"z":0.05333175137639046,"w":-0.04789813607931137},"size":0.17966222763061524,"orthographic":false}