{"cameraMode":{"drawMode":0,"name":"Shaded","section":"Shading Mode"},"sceneLighting":true,"audioPlay":false,"sceneViewState":{"showFog":true,"showMaterialUpdate":true,"showSkybox":true,"showFlares":true,"showImageEffects":true,"showParticleSystems":true},"in2DMode":false,"pivot":{"x":0.880057692527771,"y":1.6564767360687256,"z":0.3639259934425354},"rotation":{"x":0.10839268565177918,"y":0.57017582654953,"z":-0.07622739672660828,"w":0.8107650279998779},"size":2.122110605239868,"orthographic":false}