{"cameraMode":{"drawMode":0,"name":"Shaded","section":"Shading Mode"},"sceneLighting":false,"audioPlay":false,"sceneViewState":{"showFog":true,"showMaterialUpdate":false,"showSkybox":false,"showFlares":true,"showImageEffects":true,"showParticleSystems":true},"in2DMode":false,"pivot":{"x":-0.09999999403953552,"y":-0.016185492277145387,"z":-0.10000000149011612},"rotation":{"x":0.1398622840642929,"y":0.11645719408988953,"z":-0.016567036509513856,"w":0.9831591248512268},"size":0.3801868259906769,"orthographic":false}