{"cameraMode":{"drawMode":0,"name":"Shaded","section":"Shading Mode"},"sceneLighting":true,"audioPlay":false,"sceneViewState":{"showFog":true,"showMaterialUpdate":true,"showSkybox":true,"showFlares":true,"showImageEffects":true,"showParticleSystems":true},"in2DMode":false,"pivot":{"x":3.2798802852630617,"y":2.05521297454834,"z":-1.836486577987671},"rotation":{"x":-0.05727848783135414,"y":-0.8938302993774414,"z":0.11951731890439987,"w":-0.4283715784549713},"size":5.423236846923828,"orthographic":false}