{"cameraMode":{"drawMode":0,"name":"Shaded","section":"Shading Mode"},"sceneLighting":false,"audioPlay":false,"sceneViewState":{"showFog":true,"showMaterialUpdate":false,"showSkybox":false,"showFlares":true,"showImageEffects":true,"showParticleSystems":true},"in2DMode":false,"pivot":{"x":0.788925290107727,"y":1.5653613805770875,"z":-3.9548158645629885},"rotation":{"x":-0.1729181408882141,"y":-0.14801302552223206,"z":0.026293711736798288,"w":-0.9733961820602417},"size":8.002836227416993,"orthographic":false}