{"cameraMode":{"drawMode":0,"name":"Shaded","section":"Shading Mode"},"sceneLighting":true,"audioPlay":false,"sceneViewState":{"showFog":true,"showMaterialUpdate":true,"showSkybox":true,"showFlares":true,"showImageEffects":true,"showParticleSystems":true},"in2DMode":false,"pivot":{"x":-0.14147305488586427,"y":1.2044932842254639,"z":0.8161656856536865},"rotation":{"x":0.07166540622711182,"y":-0.3743502199649811,"z":0.029032928869128228,"w":0.9240580201148987},"size":2.5813190937042238,"orthographic":false}