{"cameraMode":{"drawMode":0,"name":"Shaded","section":"Shading Mode"},"sceneLighting":false,"audioPlay":false,"sceneViewState":{"showFog":true,"showMaterialUpdate":false,"showSkybox":false,"showFlares":true,"showImageEffects":true,"showParticleSystems":true},"in2DMode":false,"pivot":{"x":0.19699999690055848,"y":1.3049529790878297,"z":-1.1175870895385743e-8},"rotation":{"x":-0.1729181408882141,"y":-0.14801302552223206,"z":0.026293711736798288,"w":-0.9733961820602417},"size":0.6118822693824768,"orthographic":false}