{"cameraMode":{"drawMode":0,"name":"Shaded","section":"Shading Mode"},"sceneLighting":true,"audioPlay":false,"sceneViewState":{"showFog":true,"showMaterialUpdate":false,"showSkybox":true,"showFlares":true,"showImageEffects":true,"showParticleSystems":true},"in2DMode":false,"pivot":{"x":-0.17226827144622804,"y":-0.0316542387008667,"z":1.3038318157196046},"rotation":{"x":-0.07433027774095535,"y":0.23203685879707337,"z":-0.01778644695878029,"w":-0.9696998000144959},"size":0.7407242059707642,"orthographic":false}