{"cameraMode":{"drawMode":0,"name":"Shaded","section":"Shading Mode"},"sceneLighting":true,"audioPlay":false,"sceneViewState":{"showFog":true,"showMaterialUpdate":true,"showSkybox":true,"showFlares":true,"showImageEffects":true,"showParticleSystems":true},"in2DMode":false,"pivot":{"x":1.697515606880188,"y":0.9666798114776611,"z":6.026627063751221},"rotation":{"x":-0.12458830326795578,"y":0.08737944811582566,"z":-0.011016443371772766,"w":-0.9882920980453491},"size":2.1676156520843508,"orthographic":false}