{"cameraMode":{"drawMode":0,"name":"Shaded","section":"Shading Mode"},"sceneLighting":true,"audioPlay":false,"sceneViewState":{"showFog":true,"showMaterialUpdate":true,"showSkybox":true,"showFlares":true,"showImageEffects":true,"showParticleSystems":true},"in2DMode":false,"pivot":{"x":0.7126976251602173,"y":1.9038207530975342,"z":-0.7745347023010254},"rotation":{"x":0.0018837365787476302,"y":0.9913185834884644,"z":-0.014292278327047825,"w":0.13068939745426179},"size":6.14544153213501,"orthographic":false}