{"cameraMode":{"drawMode":0,"name":"Shaded","section":"Shading Mode"},"sceneLighting":false,"audioPlay":false,"sceneViewState":{"showFog":true,"showMaterialUpdate":false,"showSkybox":false,"showFlares":true,"showImageEffects":true,"showParticleSystems":true},"in2DMode":false,"pivot":{"x":1.1920928955078126e-7,"y":0.015651583671569825,"z":0.3498353660106659},"rotation":{"x":-0.025805769488215448,"y":-0.008399905636906624,"z":0.00021689666027668864,"w":-0.9996317028999329},"size":3.8391005992889406,"orthographic":false}