{"cameraMode":{"drawMode":0,"name":"Shaded","section":"Shading Mode"},"sceneLighting":true,"audioPlay":false,"sceneViewState":{"showFog":true,"showMaterialUpdate":true,"showSkybox":true,"showFlares":true,"showImageEffects":true,"showParticleSystems":true},"in2DMode":false,"pivot":{"x":0.5991435050964356,"y":1.2760350704193116,"z":5.814651966094971},"rotation":{"x":0.024922452867031099,"y":-0.9475992321968079,"z":0.07637808471918106,"w":0.30919405817985537},"size":0.5193983316421509,"orthographic":false}