{"cameraMode":{"drawMode":0,"name":"Shaded","section":"Shading Mode"},"sceneLighting":true,"audioPlay":false,"sceneViewState":{"showFog":true,"showMaterialUpdate":false,"showSkybox":true,"showFlares":true,"showImageEffects":true,"showParticleSystems":true},"in2DMode":false,"pivot":{"x":-0.06499084830284119,"y":-0.14702188968658448,"z":3.9458556175231935},"rotation":{"x":-0.061090245842933658,"y":0.8795784711837769,"z":-0.1175975576043129,"w":-0.45692506432533266},"size":0.35908442735671999,"orthographic":false}