{"cameraMode":{"drawMode":0,"name":"Shaded","section":"Shading Mode"},"sceneLighting":false,"audioPlay":false,"sceneViewState":{"showFog":true,"showMaterialUpdate":false,"showSkybox":false,"showFlares":true,"showImageEffects":true,"showParticleSystems":true},"in2DMode":false,"pivot":{"x":-0.22500000894069673,"y":0.02499999850988388,"z":0.2999039590358734},"rotation":{"x":-0.1729181408882141,"y":-0.14801302552223206,"z":0.026293711736798288,"w":-0.9733961820602417},"size":0.6703893542289734,"orthographic":false}