{"cameraMode":{"drawMode":0,"name":"Shaded","section":"Shading Mode"},"sceneLighting":true,"audioPlay":false,"sceneViewState":{"showFog":true,"showMaterialUpdate":true,"showSkybox":true,"showFlares":true,"showImageEffects":true,"showParticleSystems":true},"in2DMode":false,"pivot":{"x":-2.7152328491210939,"y":-9.975990295410157,"z":28.268394470214845},"rotation":{"x":-0.07963728904724121,"y":0.8548799753189087,"z":-0.13787417113780976,"w":-0.49379023909568789},"size":117.80923461914063,"orthographic":false}