{"cameraMode":{"drawMode":0,"name":"Shaded","section":"Shading Mode"},"sceneLighting":true,"audioPlay":false,"sceneViewState":{"showFog":true,"showMaterialUpdate":true,"showSkybox":true,"showFlares":true,"showImageEffects":true,"showParticleSystems":true},"in2DMode":false,"pivot":{"x":0.12073791027069092,"y":1.3945841789245606,"z":4.054096221923828},"rotation":{"x":-0.16894951462745667,"y":-0.37624362111091616,"z":0.06998632103204727,"w":-0.9082944393157959},"size":2.4881932735443117,"orthographic":false}