{"cameraMode":{"drawMode":0,"name":"Shaded","section":"Shading Mode"},"sceneLighting":true,"audioPlay":false,"sceneViewState":{"showFog":true,"showMaterialUpdate":true,"showSkybox":true,"showFlares":true,"showImageEffects":true,"showParticleSystems":true},"in2DMode":false,"pivot":{"x":0.047866106033325198,"y":0.4646947383880615,"z":1.9849061965942383},"rotation":{"x":-0.08505604416131973,"y":0.24662716686725617,"z":-0.021736154332756997,"w":-0.9651259779930115},"size":7.529294490814209,"orthographic":false}