{"cameraMode":{"drawMode":0,"name":"Shaded","section":"Shading Mode"},"sceneLighting":true,"audioPlay":false,"sceneViewState":{"showFog":true,"showMaterialUpdate":false,"showSkybox":true,"showFlares":true,"showImageEffects":true,"showParticleSystems":true},"in2DMode":false,"pivot":{"x":0.02416272647678852,"y":0.12312598526477814,"z":0.3240213394165039},"rotation":{"x":-0.025805769488215448,"y":-0.008399905636906624,"z":0.00021689666027668864,"w":-0.9996317028999329},"size":2.527010679244995,"orthographic":false}