{"cameraMode":{"drawMode":0,"name":"Shaded","section":"Shading Mode"},"sceneLighting":true,"audioPlay":false,"sceneViewState":{"showFog":true,"showMaterialUpdate":false,"showSkybox":true,"showFlares":true,"showImageEffects":true,"showParticleSystems":true},"in2DMode":false,"pivot":{"x":-0.1596081405878067,"y":-0.13933217525482179,"z":3.0668976306915285},"rotation":{"x":0.14196328818798066,"y":0.02762080729007721,"z":-0.003962572198361158,"w":0.989478588104248},"size":2.39445161819458,"orthographic":false}