{"cameraMode":{"drawMode":0,"name":"Shaded","section":"Shading Mode"},"sceneLighting":false,"audioPlay":false,"sceneViewState":{"showFog":true,"showMaterialUpdate":false,"showSkybox":false,"showFlares":true,"showImageEffects":true,"showParticleSystems":true},"in2DMode":false,"pivot":{"x":4.172325134277344e-7,"y":0.017359411343932153,"z":-5.960464477539063e-8},"rotation":{"x":0.1398622840642929,"y":0.11645719408988953,"z":-0.016567036509513856,"w":0.9831591248512268},"size":1.867641806602478,"orthographic":false}