{"cameraMode":{"drawMode":0,"name":"Shaded","section":"Shading Mode"},"sceneLighting":true,"audioPlay":false,"sceneViewState":{"showFog":true,"showMaterialUpdate":true,"showSkybox":true,"showFlares":true,"showImageEffects":true,"showParticleSystems":true},"in2DMode":false,"pivot":{"x":-1.500243902206421,"y":1.3870035409927369,"z":6.027349472045898},"rotation":{"x":0.18052782118320466,"y":0.23269696533679963,"z":-0.04400449991226196,"w":0.9546337127685547},"size":0.3304796814918518,"orthographic":false}