{"cameraMode":{"drawMode":0,"name":"Shaded","section":"Shading Mode"},"sceneLighting":false,"audioPlay":false,"sceneViewState":{"showFog":true,"showMaterialUpdate":false,"showSkybox":false,"showFlares":true,"showImageEffects":true,"showParticleSystems":true},"in2DMode":false,"pivot":{"x":2.384185791015625e-7,"y":0.08088449388742447,"z":-1.7881393432617188e-7},"rotation":{"x":0.1398622840642929,"y":0.11645719408988953,"z":-0.016567036509513856,"w":0.9831591248512268},"size":5.887594223022461,"orthographic":false}