{"cameraMode":{"drawMode":0,"name":"Shaded","section":"Shading Mode"},"sceneLighting":true,"audioPlay":false,"sceneViewState":{"showFog":true,"showMaterialUpdate":false,"showSkybox":true,"showFlares":true,"showImageEffects":true,"showParticleSystems":true},"in2DMode":false,"pivot":{"x":0.05616511404514313,"y":-0.47810423374176028,"z":1.8623542785644532},"rotation":{"x":0.12009956687688828,"y":-0.09070578217506409,"z":0.011019800789654255,"w":0.9885480403900147},"size":1.0629136562347413,"orthographic":false}