{"cameraMode":{"drawMode":0,"name":"Shaded","section":"Shading Mode"},"sceneLighting":true,"audioPlay":false,"sceneViewState":{"showFog":true,"showMaterialUpdate":true,"showSkybox":true,"showFlares":true,"showImageEffects":true,"showParticleSystems":true},"in2DMode":false,"pivot":{"x":-0.4219224452972412,"y":1.2123563289642335,"z":3.579582929611206},"rotation":{"x":0.1945662945508957,"y":-0.23715506494045258,"z":0.048542559146881106,"w":0.9505499005317688},"size":4.178268909454346,"orthographic":false}