{"cameraMode":{"drawMode":0,"name":"Shaded","section":"Shading Mode"},"sceneLighting":true,"audioPlay":false,"sceneViewState":{"showFog":true,"showMaterialUpdate":true,"showSkybox":true,"showFlares":true,"showImageEffects":true,"showParticleSystems":true},"in2DMode":false,"pivot":{"x":1.5819545984268189,"y":0.27146995067596438,"z":6.872404098510742},"rotation":{"x":-0.05829666554927826,"y":-0.35526522994041445,"z":0.022206086665391923,"w":-0.932681679725647},"size":1.4122228622436524,"orthographic":false}