{"cameraMode":{"drawMode":0,"name":"Shaded","section":"Shading Mode"},"sceneLighting":false,"audioPlay":false,"sceneViewState":{"showFog":true,"showMaterialUpdate":false,"showSkybox":false,"showFlares":true,"showImageEffects":true,"showParticleSystems":true},"in2DMode":false,"pivot":{"x":-30.764923095703126,"y":3.2578625679016115,"z":-74.31388854980469},"rotation":{"x":-0.1729181408882141,"y":-0.14801302552223206,"z":0.026293711736798288,"w":-0.9733961820602417},"size":3.791412591934204,"orthographic":false}