{"cameraMode":{"drawMode":0,"name":"Shaded","section":"Shading Mode"},"sceneLighting":true,"audioPlay":false,"sceneViewState":{"showFog":true,"showMaterialUpdate":true,"showSkybox":true,"showFlares":true,"showImageEffects":true,"showParticleSystems":true},"in2DMode":false,"pivot":{"x":0.5448607206344605,"y":-0.3732357621192932,"z":4.61268424987793},"rotation":{"x":-0.15308991074562074,"y":0.14586563408374787,"z":-0.022853000089526178,"w":-0.9771205186843872},"size":1.5095713138580323,"orthographic":false}