{"cameraMode":{"drawMode":0,"name":"Shaded","section":"Shading Mode"},"sceneLighting":true,"audioPlay":false,"sceneViewState":{"showFog":true,"showMaterialUpdate":true,"showSkybox":true,"showFlares":true,"showImageEffects":true,"showParticleSystems":true},"in2DMode":false,"pivot":{"x":0.44955170154571535,"y":1.471554160118103,"z":5.51324462890625},"rotation":{"x":0.011251427233219147,"y":-0.7063818573951721,"z":0.011231179349124432,"w":0.7076524496078491},"size":0.9255720973014832,"orthographic":false}