{"cameraMode":{"drawMode":0,"name":"Shaded","section":"Shading Mode"},"sceneLighting":true,"audioPlay":false,"sceneViewState":{"showFog":true,"showMaterialUpdate":true,"showSkybox":true,"showFlares":true,"showImageEffects":true,"showParticleSystems":true},"in2DMode":false,"pivot":{"x":-4.764706134796143,"y":1.2624263763427735,"z":6.611504077911377},"rotation":{"x":-0.04744303598999977,"y":0.8788302540779114,"z":-0.0894218310713768,"w":-0.46627283096313479},"size":1.7928128242492676,"orthographic":false}