{"cameraMode":{"drawMode":0,"name":"Shaded","section":"Shading Mode"},"sceneLighting":true,"audioPlay":false,"sceneViewState":{"showFog":true,"showMaterialUpdate":false,"showSkybox":true,"showFlares":true,"showImageEffects":true,"showParticleSystems":true},"in2DMode":false,"pivot":{"x":0.25280535221099856,"y":0.4114148020744324,"z":3.6608994007110597},"rotation":{"x":0.00633889390155673,"y":0.2785378396511078,"z":0.0018387921154499055,"w":-0.9604026079177856},"size":1.6666903495788575,"orthographic":false}