{"cameraMode":{"drawMode":0,"name":"Shaded","section":"Shading Mode"},"sceneLighting":true,"audioPlay":false,"sceneViewState":{"showFog":true,"showMaterialUpdate":true,"showSkybox":true,"showFlares":true,"showImageEffects":true,"showParticleSystems":true},"in2DMode":false,"pivot":{"x":2.873767375946045,"y":0.31915271282196047,"z":4.3778076171875},"rotation":{"x":0.12084105610847473,"y":0.6914049983024597,"z":-0.11896886676549912,"w":0.7022841572761536},"size":5.128190994262695,"orthographic":false}