{"cameraMode":{"drawMode":0,"name":"Shaded","section":"Shading Mode"},"sceneLighting":false,"audioPlay":false,"sceneViewState":{"showFog":true,"showMaterialUpdate":false,"showSkybox":false,"showFlares":true,"showImageEffects":true,"showParticleSystems":true},"in2DMode":false,"pivot":{"x":1.4767515659332276,"y":1.5687000751495362,"z":-2.9426307678222658},"rotation":{"x":0.1398622840642929,"y":0.11645719408988953,"z":-0.016567036509513856,"w":0.9831591248512268},"size":1.5931828022003174,"orthographic":false}