{"cameraMode":{"drawMode":0,"name":"Shaded","section":"Shading Mode"},"sceneLighting":true,"audioPlay":false,"sceneViewState":{"showFog":true,"showMaterialUpdate":true,"showSkybox":true,"showFlares":true,"showImageEffects":true,"showParticleSystems":true},"in2DMode":false,"pivot":{"x":2.5972652435302736,"y":1.209310531616211,"z":5.215049743652344},"rotation":{"x":-0.2079748660326004,"y":0.19567112624645234,"z":-0.04250321909785271,"w":-0.9574198722839356},"size":0.4232901930809021,"orthographic":false}