{"cameraMode":{"drawMode":0,"name":"Shaded","section":"Shading Mode"},"sceneLighting":false,"audioPlay":false,"sceneViewState":{"showFog":true,"showMaterialUpdate":false,"showSkybox":false,"showFlares":true,"showImageEffects":true,"showParticleSystems":true},"in2DMode":false,"pivot":{"x":-5.960464477539063e-8,"y":0.017359411343932153,"z":-4.172325134277344e-7},"rotation":{"x":-0.025805769488215448,"y":-0.008399905636906624,"z":0.00021689666027668864,"w":-0.9996317028999329},"size":1.8676424026489258,"orthographic":false}